ratings,price,brand,color,storage,processor_type,resolution,size
4.2,291,redmi,black,128GB,mediatek,Full HD,6.7
4.5,255,oppo,green,128GB,mediatek,Full HD,6.5
4.2,159,redmi,white,64GB,intel,Full HD,6.4
4.1,267,oneplus,blue,256GB,qualcomm,Full HD,6.4
4.3,121,infinix,green,64GB,mediatek,Full HD,6.6
4.0,158,samsung,green,128GB,qualcomm,HD,6.5
4.5,194,vivo,black,64GB,qualcomm,Full HD,6.5
4.3,133,oppo,black,32GB,mediatek,HD,6.5
4.2,133,redmi,white,64GB,intel,Full HD,6.5
4.2,213,mi,black,128GB,qualcomm,Full HD,6.7
4.5,175,vivo,black,256GB,qualcomm,2K,6.8
4.4,279,oppo,black,64GB,mediatek,Full HD,6.2
4.1,232,oneplus,green,128GB,intel,Full HD,6.7
4.2,115,redmi,green,128GB,mediatek,HD,6.5
4.6,395,oppo,blue,256GB,mediatek,Full HD,6.7
4.3,115,vivo,green,32GB,mediatek,HD,6.5
4.2,206,redmi,black,64GB,mediatek,Full HD,6.5
4.2,291,oneplus,grey,128GB,intel,Full HD,6.4
4.3,291,vivo,gold,128GB,intel,Full HD,6.4
4.2,158,infinix,black,128GB,mediatek,Full HD,6.7
4.5,115,oppo,gold,64GB,mediatek,HD,6.6
4.2,182,infinix,black,64GB,mediatek,Full HD,6.7
4.3,315,oneplus,silver,128GB,intel,4K,6.6
4.2,194,infinix,grey,128GB,mediatek,Full HD,6.7
4.4,182,vivo,purple,64GB,mediatek,HD,6.2
4.2,267,xiaomi,blue,128GB,intel,4K,6.5
4.1,170,mi,gold,128GB,qualcomm,Full HD,6.0
4.4,212,oppo,blue,128GB,mediatek,HD,6.6
4.2,243,redmi,blue,128GB,mediatek,Full HD,6.5
4.5,182,redmi,black,64GB,qualcomm,Full HD,6.3
4.1,164,infinix,green,128GB,mediatek,4K,6.6
4.2,395,oppo,silver,256GB,mediatek,Full HD,6.7
4.3,371,motorola,grey,128GB,qualcomm,Full HD,6.5
4.2,196,samsung,blue,128GB,mediatek,HD,6.5
4.2,191,redmi,green,128GB,intel,Full HD,6.6
4.2,133,infinix,blue,64GB,mediatek,Full HD,6.7
4.3,273,realme,blue,256GB,mediatek,Full HD,6.7
4.3,206,realme,white,128GB,mediatek,Full HD,6.4
4.4,243,vivo,blue,128GB,qualcomm,Full HD,6.5
4.1,133,realme,silver,32GB,mediatek,HD,6.5
4.2,157,samsung,black,128GB,samsung,Full HD,6.6
4.4,127,realme,blue,64GB,mediatek,HD,6.2
4.2,109,tecno,blue,64GB,mediatek,HD,6.5
4.2,291,mi,white,128GB,qualcomm,Full HD,6.7
4.2,291,redmi,purple,128GB,mediatek,Full HD,6.7
4.1,224,samsung,black,64GB,samsung,Full HD,6.6
4.0,206,redmi,blue,128GB,qualcomm,Full HD,6.7
4.2,128,oneplus,black,256GB,intel,Full HD,6.7
4.5,134,oneplus,green,256GB,intel,2K,6.7
4.5,206,oppo,blue,64GB,mediatek,HD,5.7
4.2,139,infinix,blue,64GB,mediatek,4K,6.6
4.4,187,vivo,white,128GB,qualcomm,Full HD,6.6
4.5,176,realme,black,128GB,qualcomm,Full HD,6.3
4.3,364,oneplus,green,128GB,intel,Full HD,6.7
4.3,303,realme,black,128GB,mediatek,4K,6.4
4.4,218,realme,black,128GB,mediatek,Full HD,6.6
4.4,510,oppo,gold,256GB,mediatek,Full HD,6.5
4.3,113,redmi,green,64GB,mediatek,Full HD,6.6
4.3,286,samsung,black,128GB,qualcomm,Full HD,6.7
4.3,182,oppo,black,128GB,qualcomm,Full HD,6.6
4.3,395,oppo,blue,256GB,mediatek,Full HD,6.7
4.3,157,oppo,blue,32GB,mediatek,HD,6.2
4.4,145,redmi,white,32GB,qualcomm,Full HD,6.3
4.5,164,realme,black,64GB,mediatek,Full HD,6.5
4.3,265,oneplus,blue,128GB,intel,Full HD,6.6
4.4,194,vivo,black,32GB,mediatek,HD,6.2
4.4,230,vivo,black,64GB,qualcomm,HD,6.2
4.2,103,tecno,blue,64GB,mediatek,4K,6.6
4.3,115,tecno,blue,64GB,intel,4K,6.8
4.3,192,oppo,blue,128GB,mediatek,HD,6.5
4.3,181,redmi,white,128GB,intel,Full HD,6.7
4.2,170,samsung,black,128GB,samsung,Full HD,6.6
4.4,133,redmi,black,32GB,qualcomm,Full HD,6.0
4.4,154,redmi,black,64GB,qualcomm,Full HD,5.5
4.5,182,redmi,blue,64GB,qualcomm,Full HD,6.3
4.5,395,vivo,black,128GB,qualcomm,Full HD,6.4
4.3,182,oppo,gold,64GB,mediatek,HD,6.6
4.3,384,oneplus,green,128GB,intel,4K,6.7
4.3,340,vivo,blue,128GB,mediatek,Full HD,6.4
4.1,194,motorola,blue,128GB,mediatek,Full HD,6.5
4.3,255,samsung,black,128GB,mediatek,Full HD,6.6
4.1,395,oppo,silver,256GB,mediatek,Full HD,6.7
4.4,158,vivo,gold,128GB,mediatek,Full HD,6.6
4.0,314,oneplus,black,256GB,intel,Full HD,6.6
4.0,186,oneplus,black,256GB,intel,Full HD,6.7
4.3,285,samsung,green,256GB,qualcomm,Full HD,6.6
4.1,286,xiaomi,blue,256GB,qualcomm,Full HD,6.7
4.4,303,vivo,blue,128GB,qualcomm,Full HD,6.4
4.2,181,redmi,blue,128GB,mediatek,Full HD,6.5
4.3,170,oppo,black,128GB,mediatek,HD,6.5
4.2,224,redmi,white,128GB,mediatek,Full HD,6.4
4.5,112,realme,blue,128GB,mediatek,HD,6.5
4.5,145,realme,blue,128GB,qualcomm,HD,6.5
4.2,180,samsung,silver,128GB,qualcomm,4K,6.6
4.5,194,redmi,gold,64GB,qualcomm,Full HD,6.3
4.5,303,redmi,blue,128GB,qualcomm,Full HD,6.4
4.1,243,samsung,purple,128GB,mediatek,4K,6.6
4.3,169,redmi,white,64GB,mediatek,Full HD,6.4
4.2,175,redmi,blue,128GB,intel,Full HD,6.4
4.4,303,samsung,black,128GB,intel,4K,6.7
4.5,218,redmi,blue,64GB,qualcomm,Full HD,6.3
4.5,243,vivo,blue,128GB,mediatek,4K,6.4
4.5,255,vivo,blue,64GB,mediatek,4K,6.4
4.5,170,samsung,blue,64GB,samsung,HD,6.5
4.3,103,samsung,black,32GB,mediatek,HD,6.5
4.2,179,samsung,blue,64GB,samsung,Full HD,6.4
4.4,158,redmi,white,64GB,qualcomm,Full HD,6.3
4.4,164,redmi,black,64GB,qualcomm,HD,6.0
4.3,115,vivo,green,32GB,mediatek,HD,6.5
4.5,340,vivo,black,128GB,qualcomm,Full HD,6.4
4.4,133,vivo,purple,32GB,qualcomm,HD,6.2
4.3,243,oppo,black,128GB,mediatek,Full HD,6.4
4.2,218,samsung,blue,128GB,qualcomm,HD,6.5
4.4,230,vivo,purple,64GB,qualcomm,HD,6.2
4.2,200,samsung,green,128GB,samsung,4K,6.6
4.4,206,oppo,black,128GB,qualcomm,Full HD,6.5
4.4,215,oneplus,black,128GB,intel,Full HD,6.6
4.0,110,tecno,green,64GB,intel,HD,6.5
4.7,149,tecno,blue,64GB,mediatek,HD,6.6
4.0,104,samsung,blue,32GB,qualcomm,HD,6.5
4.5,175,samsung,black,256GB,qualcomm,Full HD,6.1
4.3,158,samsung,black,64GB,samsung,HD,6.5
4.3,151,infinix,green,64GB,mediatek,Full HD,6.7
4.1,291,redmi,black,128GB,intel,Full HD,6.7
4.3,188,oneplus,black,256GB,intel,4K,6.6
4.2,364,motorola,blue,256GB,mediatek,Full HD,6.5
4.3,388,samsung,black,128GB,qualcomm,Full HD,6.5
4.3,182,mi,grey,32GB,qualcomm,Full HD,6.4
4.0,267,oneplus,blue,256GB,qualcomm,Full HD,6.4
4.5,218,redmi,white,128GB,mediatek,Full HD,6.5
4.3,182,infinix,green,64GB,mediatek,HD,7.0
4.2,230,samsung,grey,128GB,qualcomm,HD,6.6
4.3,315,vivo,blue,128GB,mediatek,Full HD,6.4
4.3,170,infinix,blue,64GB,mediatek,Full HD,7.0
4.2,224,redmi,white,128GB,intel,Full HD,6.6
4.4,401,oppo,black,128GB,mediatek,Full HD,6.4
4.3,194,samsung,green,64GB,samsung,Full HD,6.4
4.5,401,oppo,blue,256GB,mediatek,Full HD,6.7
4.1,170,redmi,black,64GB,qualcomm,Full HD,6.7
4.2,255,xiaomi,black,128GB,intel,Full HD,6.5
4.2,486,oppo,silver,256GB,qualcomm,Full HD,6.7
4.4,212,oppo,black,128GB,mediatek,HD,6.6
4.2,145,tecno,grey,128GB,mediatek,4K,6.8
4.1,218,samsung,black,128GB,samsung,HD,6.5
4.4,267,oppo,purple,128GB,mediatek,4K,6.5
4.3,170,infinix,grey,64GB,mediatek,Full HD,7.0
4.4,127,redmi,black,64GB,mediatek,Full HD,6.5
4.1,303,motorola,green,128GB,qualcomm,Full HD,6.5
4.2,230,infinix,silver,128GB,mediatek,Full HD,6.8
4.4,486,oppo,black,256GB,qualcomm,Full HD,6.5
4.3,302,samsung,white,128GB,samsung,Full HD,6.4
4.3,121,oppo,black,32GB,mediatek,HD,6.5
3.9,218,oppo,black,32GB,mediatek,Full HD,6.0
4.3,145,infinix,black,128GB,mediatek,Full HD,6.8
4.2,121,vivo,grey,64GB,mediatek,HD,6.5
4.4,364,vivo,gold,128GB,mediatek,Full HD,6.4
4.5,395,oppo,silver,256GB,mediatek,Full HD,6.7
4.2,291,redmi,blue,256GB,intel,Full HD,6.7
4.5,115,realme,black,64GB,mediatek,HD,6.2
4.4,206,realme,blue,128GB,mediatek,Full HD,6.5
4.3,217,oneplus,grey,128GB,intel,Full HD,6.7
4.2,121,redmi,grey,64GB,qualcomm,HD,6.2
4.4,338,oneplus,grey,128GB,intel,Full HD,6.7
4.4,218,oppo,green,128GB,mediatek,4K,6.5
4.3,182,redmi,white,64GB,mediatek,Full HD,6.6
4.4,350,oneplus,grey,128GB,intel,Full HD,6.7
4.3,133,vivo,black,32GB,qualcomm,HD,6.5
4.5,258,oneplus,black,256GB,intel,Full HD,6.7
4.6,310,oneplus,green,128GB,qualcomm,2K,6.8
4.2,206,motorola,green,128GB,qualcomm,Full HD,6.4
4.3,170,oppo,black,128GB,qualcomm,HD,6.5
4.3,229,vivo,gold,128GB,intel,4K,6.6
4.3,347,vivo,black,128GB,qualcomm,Full HD,6.3
4.3,139,redmi,blue,64GB,mediatek,Full HD,6.4
4.2,291,redmi,blue,128GB,mediatek,Full HD,6.7
4.0,350,xiaomi,black,256GB,intel,4K,6.7
4.3,176,vivo,green,64GB,mediatek,HD,6.5
4.4,212,redmi,purple,128GB,mediatek,Full HD,6.4
4.3,176,vivo,blue,128GB,mediatek,HD,6.5
4.0,192,samsung,blue,128GB,mediatek,Full HD,6.3
4.5,133,realme,purple,32GB,qualcomm,HD,6.5
4.3,182,vivo,black,128GB,mediatek,HD,6.5
4.4,133,vivo,blue,64GB,qualcomm,HD,6.3
4.2,182,samsung,black,64GB,intel,Full HD,6.4
4.2,109,infinix,purple,64GB,mediatek,HD,6.8
4.4,139,samsung,black,32GB,mediatek,HD,6.5
3.9,188,tecno,blue,128GB,mediatek,4K,6.8
4.5,261,samsung,blue,128GB,intel,Full HD,6.3
4.4,315,oneplus,grey,128GB,intel,Full HD,6.4
4.3,352,samsung,purple,128GB,mediatek,4K,6.6
4.3,176,vivo,green,128GB,mediatek,HD,6.5
4.2,188,samsung,blue,128GB,intel,4K,6.6
4.3,303,realme,green,256GB,mediatek,Full HD,6.7
3.8,213,oneplus,black,256GB,intel,2K,6.7
4.6,359,oneplus,silver,256GB,qualcomm,Full HD,6.5
4.5,267,tecno,blue,256GB,mediatek,4K,6.7
4.4,109,samsung,black,32GB,qualcomm,HD,6.0
4.0,340,oppo,blue,128GB,intel,Full HD,6.4
4.3,230,oppo,grey,64GB,mediatek,HD,5.5
4.3,121,vivo,blue,32GB,qualcomm,HD,6.5
4.4,133,redmi,black,64GB,qualcomm,HD,6.2
4.1,291,samsung,grey,128GB,mediatek,Full HD,6.6
3.8,134,motorola,green,64GB,mediatek,HD,6.5
4.3,176,oneplus,silver,256GB,intel,4K,6.6
4.2,206,motorola,blue,128GB,samsung,Full HD,6.3
4.3,188,samsung,black,64GB,samsung,2K,5.8
4.2,229,motorola,green,128GB,qualcomm,Full HD,6.4
4.2,188,oppo,blue,64GB,mediatek,HD,6.6
4.2,136,motorola,white,64GB,qualcomm,Full HD,6.6
4.4,230,oppo,green,128GB,qualcomm,HD,6.5
4.2,155,redmi,blue,64GB,intel,Full HD,6.4
4.2,206,infinix,grey,256GB,mediatek,Full HD,6.7
4.5,109,infinix,blue,64GB,mediatek,HD,6.5
4.3,285,samsung,black,256GB,qualcomm,Full HD,6.7
4.3,170,vivo,black,64GB,mediatek,HD,6.5
4.2,261,realme,blue,128GB,mediatek,4K,6.4
4.1,194,infinix,gold,256GB,mediatek,Full HD,6.8
4.3,194,vivo,gold,128GB,mediatek,Full HD,6.6
4.3,133,infinix,silver,64GB,mediatek,Full HD,6.8
3.9,188,samsung,green,128GB,samsung,Full HD,6.6
4.2,303,oneplus,grey,128GB,intel,Full HD,6.4
4.4,206,vivo,black,128GB,qualcomm,Full HD,6.6
4.2,119,redmi,green,128GB,mediatek,HD,6.7
4.5,170,realme,black,64GB,qualcomm,Full HD,6.3
4.3,279,realme,white,128GB,qualcomm,Full HD,6.4
4.3,206,vivo,blue,128GB,qualcomm,Full HD,6.6
4.7,181,tecno,black,64GB,mediatek,HD,6.6
4.1,188,oneplus,black,128GB,intel,2K,6.7
4.3,133,infinix,black,64GB,mediatek,HD,6.8
4.3,190,samsung,grey,128GB,mediatek,Full HD,6.6
4.1,302,oneplus,blue,128GB,qualcomm,Full HD,6.4
4.3,139,samsung,black,64GB,mediatek,HD,6.4
4.2,249,oneplus,black,128GB,intel,2K,6.7
4.0,267,oneplus,blue,256GB,intel,Full HD,6.5
4.4,139,redmi,black,128GB,mediatek,Full HD,6.5
4.4,206,redmi,purple,64GB,mediatek,Full HD,6.4
4.2,158,motorola,grey,128GB,qualcomm,Full HD,6.8
4.2,105,redmi,blue,64GB,intel,HD,6.7
4.3,358,samsung,purple,256GB,qualcomm,Full HD,6.7
4.1,103,tecno,black,64GB,mediatek,HD,6.6
4.4,176,samsung,blue,128GB,samsung,Full HD,6.4
4.3,188,vivo,blue,128GB,mediatek,HD,6.5
4.3,230,redmi,white,128GB,mediatek,Full HD,6.5
4.5,182,realme,black,64GB,mediatek,Full HD,6.6
4.5,218,realme,blue,128GB,qualcomm,Full HD,6.5
4.2,103,tecno,black,32GB,mediatek,HD,6.5
4.1,128,mi,grey,128GB,qualcomm,Full HD,6.7
4.3,270,vivo,gold,64GB,qualcomm,HD,6.0
4.3,255,oppo,silver,128GB,qualcomm,Full HD,6.4
4.2,164,infinix,blue,128GB,mediatek,Full HD,6.8
4.3,115,samsung,black,32GB,qualcomm,HD,6.5
4.2,352,xiaomi,black,128GB,mediatek,Full HD,6.7
4.4,133,redmi,gold,32GB,qualcomm,Full HD,6.0
4.1,133,tecno,black,128GB,mediatek,HD,6.8
4.2,194,mi,blue,128GB,qualcomm,HD,6.1
4.3,255,samsung,black,64GB,samsung,4K,6.4
4.3,108,tecno,purple,64GB,mediatek,HD,6.6
4.2,145,redmi,black,128GB,mediatek,HD,6.5
4.1,277,redmi,blue,128GB,intel,Full HD,6.7
4.2,328,redmi,black,256GB,mediatek,Full HD,6.7
4.3,206,vivo,black,128GB,qualcomm,Full HD,6.6
4.4,291,oppo,white,128GB,mediatek,4K,6.5
4.3,290,samsung,black,128GB,intel,4K,6.5
4.4,109,redmi,blue,32GB,qualcomm,HD,6.2
4.3,109,infinix,blue,128GB,mediatek,HD,6.6
4.3,134,samsung,silver,256GB,qualcomm,4K,7.6
4.1,127,tecno,gold,64GB,mediatek,HD,6.3
4.3,401,oppo,blue,256GB,mediatek,Full HD,6.7
4.5,273,vivo,black,256GB,mediatek,Full HD,6.8
4.2,182,samsung,blue,64GB,mediatek,HD,6.5
4.1,145,motorola,silver,128GB,qualcomm,Full HD,6.5
4.2,169,tecno,black,128GB,mediatek,4K,6.8
4.3,243,oppo,white,128GB,mediatek,Full HD,6.4
3.8,134,motorola,blue,64GB,mediatek,HD,6.5
4.3,182,infinix,blue,64GB,mediatek,HD,7.0
4.4,291,vivo,black,128GB,qualcomm,Full HD,6.4
4.4,104,oneplus,green,128GB,intel,2K,6.7
4.2,116,redmi,blue,128GB,mediatek,HD,6.7
4.2,360,oneplus,black,256GB,intel,4K,6.7
4.3,267,vivo,black,128GB,qualcomm,Full HD,6.6
4.4,316,vivo,gold,256GB,qualcomm,Full HD,6.4
4.0,162,samsung,blue,128GB,intel,Full HD,6.4
4.2,171,redmi,green,64GB,intel,Full HD,6.6
4.5,218,vivo,blue,64GB,qualcomm,Full HD,6.5
4.2,125,redmi,black,64GB,mediatek,HD,6.5
4.4,194,oppo,black,128GB,mediatek,HD,6.5
4.3,358,samsung,black,256GB,qualcomm,Full HD,6.6
4.1,108,tecno,blue,64GB,mediatek,HD,6.6
4.3,188,samsung,blue,128GB,qualcomm,Full HD,6.6
4.6,371,realme,green,128GB,qualcomm,Full HD,6.6
4.3,364,oppo,blue,256GB,mediatek,Full HD,6.4
4.5,273,vivo,blue,256GB,mediatek,Full HD,6.8
4.3,206,realme,black,128GB,mediatek,Full HD,6.6
4.1,395,samsung,blue,128GB,samsung,Full HD,6.5
4.4,121,oppo,blue,32GB,mediatek,HD,6.2
4.3,376,oneplus,blue,128GB,intel,Full HD,6.7
4.2,173,samsung,blue,64GB,samsung,Full HD,6.4
4.0,395,oppo,silver,256GB,mediatek,Full HD,6.7
4.2,303,redmi,blue,256GB,intel,Full HD,6.7
4.1,206,samsung,black,128GB,mediatek,HD,6.5
4.2,291,xiaomi,green,128GB,mediatek,Full HD,6.7
4.4,129,redmi,gold,32GB,qualcomm,Full HD,5.5
4.1,194,redmi,gold,128GB,qualcomm,Full HD,6.7
4.3,364,oppo,gold,128GB,qualcomm,Full HD,6.7
4.2,115,oneplus,green,128GB,intel,2K,6.7
4.2,255,redmi,black,128GB,mediatek,Full HD,6.6
4.4,176,samsung,black,128GB,samsung,Full HD,6.4
4.4,194,realme,black,64GB,mediatek,Full HD,6.5
4.5,172,tecno,blue,128GB,intel,HD,6.6
4.3,206,realme,blue,128GB,mediatek,Full HD,6.6
4.2,133,motorola,silver,64GB,qualcomm,Full HD,6.5
4.2,133,infinix,black,32GB,qualcomm,HD,6.2
4.6,352,oneplus,blue,256GB,qualcomm,Full HD,6.5
4.5,303,samsung,black,128GB,intel,4K,6.4
4.6,115,samsung,blue,32GB,qualcomm,HD,6.2
4.3,127,vivo,blue,32GB,qualcomm,HD,6.5
4.3,218,oneplus,grey,128GB,intel,Full HD,6.4
4.5,145,vivo,blue,64GB,qualcomm,Full HD,6.6
4.3,267,oppo,purple,128GB,qualcomm,HD,6.5
4.2,133,tecno,blue,128GB,mediatek,HD,6.6
4.2,224,redmi,blue,128GB,intel,Full HD,6.6
4.3,188,vivo,blue,64GB,qualcomm,HD,6.5
3.9,121,motorola,blue,128GB,mediatek,HD,6.5
4.2,364,redmi,white,256GB,mediatek,Full HD,6.7
4.5,395,oppo,blue,256GB,mediatek,Full HD,6.7
4.4,206,vivo,black,128GB,qualcomm,Full HD,6.6
4.2,144,redmi,purple,128GB,mediatek,HD,6.5
4.1,157,tecno,black,128GB,mediatek,Full HD,6.8
4.4,370,samsung,white,128GB,qualcomm,Full HD,6.5
4.4,279,oppo,white,128GB,mediatek,Full HD,6.4
4.3,206,realme,black,128GB,mediatek,Full HD,6.4
4.3,182,mi,grey,64GB,qualcomm,HD,6.1
4.4,437,oppo,blue,128GB,mediatek,Full HD,6.5
4.1,280,samsung,black,128GB,intel,4K,6.7
4.2,109,infinix,black,64GB,mediatek,HD,6.8
4.3,121,redmi,blue,64GB,qualcomm,HD,6.7
4.6,395,oppo,silver,256GB,mediatek,Full HD,6.7
4.1,170,samsung,blue,64GB,samsung,Full HD,6.4
4.3,218,oppo,blue,128GB,mediatek,HD,6.5
4.3,230,samsung,green,256GB,qualcomm,4K,7.6
4.4,361,vivo,black,128GB,intel,Full HD,6.6
4.3,127,samsung,black,64GB,samsung,HD,6.5
3.9,133,motorola,blue,64GB,mediatek,HD,6.5
4.4,362,oppo,black,128GB,mediatek,Full HD,6.4
4.2,212,mi,blue,128GB,qualcomm,Full HD,6.5
4.3,178,redmi,gold,128GB,intel,Full HD,6.7
4.3,170,samsung,black,64GB,samsung,HD,6.5
4.0,133,oppo,blue,32GB,mediatek,HD,6.5
4.2,303,redmi,purple,128GB,mediatek,Full HD,6.7
4.3,184,samsung,black,128GB,intel,4K,6.4
4.2,182,samsung,white,128GB,samsung,Full HD,6.6
4.2,133,vivo,black,64GB,mediatek,HD,6.5
4.3,322,samsung,purple,128GB,samsung,Full HD,6.4
4.1,139,samsung,blue,64GB,intel,4K,6.4
4.1,116,redmi,grey,32GB,intel,HD,6.5
4.4,182,vivo,black,128GB,qualcomm,Full HD,6.6
4.1,371,samsung,blue,128GB,intel,4K,6.7
4.2,322,oneplus,black,256GB,intel,Full HD,6.7
4.4,273,realme,white,256GB,mediatek,Full HD,6.7
4.5,253,oneplus,silver,256GB,intel,Full HD,6.7
4.2,156,redmi,black,128GB,intel,Full HD,6.7
4.4,335,oneplus,grey,128GB,intel,Full HD,6.7
4.2,109,infinix,blue,64GB,mediatek,HD,6.8
4.4,156,samsung,green,32GB,qualcomm,HD,6.5
4.3,371,realme,white,128GB,qualcomm,Full HD,6.6
4.5,121,samsung,black,64GB,samsung,HD,5.6
4.4,170,redmi,black,64GB,qualcomm,Full HD,6.3
4.2,108,tecno,blue,64GB,mediatek,4K,6.6
4.2,171,redmi,black,64GB,intel,Full HD,6.6
3.9,170,samsung,green,64GB,samsung,Full HD,6.6
4.4,243,oppo,black,32GB,mediatek,Full HD,6.0
4.5,194,oppo,black,64GB,qualcomm,HD,6.5
4.2,303,xiaomi,purple,128GB,mediatek,Full HD,6.7
4.0,371,oneplus,green,256GB,intel,Full HD,6.7
4.2,133,redmi,blue,128GB,qualcomm,HD,6.7
4.4,145,realme,blue,64GB,qualcomm,HD,6.5
4.1,170,samsung,green,128GB,intel,HD,6.5
4.4,224,redmi,blue,128GB,mediatek,Full HD,6.4
4.3,167,tecno,blue,256GB,mediatek,4K,6.7
4.3,230,vivo,blue,128GB,mediatek,HD,6.5
4.0,310,mi,white,256GB,qualcomm,Full HD,6.7
4.2,121,infinix,blue,64GB,mediatek,Full HD,6.7
4.3,145,realme,silver,32GB,mediatek,HD,6.5
4.4,316,vivo,black,256GB,qualcomm,Full HD,6.4
4.4,214,oneplus,blue,128GB,intel,Full HD,6.6
4.2,112,tecno,gold,64GB,mediatek,4K,6.6
4.0,126,redmi,black,128GB,intel,HD,6.5
4.2,138,samsung,blue,64GB,intel,4K,6.4
4.4,188,vivo,blue,128GB,qualcomm,Full HD,6.6
4.2,279,redmi,blue,256GB,intel,Full HD,6.7
4.3,151,infinix,black,64GB,mediatek,Full HD,6.7
4.2,133,motorola,grey,64GB,qualcomm,Full HD,6.5
4.2,371,oneplus,green,256GB,intel,Full HD,6.7
4.2,139,samsung,blue,64GB,mediatek,HD,6.4
4.4,194,oppo,black,64GB,mediatek,HD,6.2
4.5,303,redmi,white,128GB,qualcomm,Full HD,6.4
4.4,170,oppo,blue,128GB,qualcomm,HD,6.5
4.2,182,infinix,black,128GB,mediatek,Full HD,6.8
4.3,303,realme,grey,256GB,qualcomm,Full HD,6.4
4.5,340,vivo,white,128GB,qualcomm,Full HD,6.4
4.4,194,samsung,black,128GB,samsung,Full HD,6.4
4.1,170,redmi,blue,64GB,qualcomm,Full HD,6.7
4.2,145,motorola,black,32GB,qualcomm,HD,6.0
4.5,291,vivo,blue,64GB,qualcomm,Full HD,6.3
4.5,206,redmi,black,64GB,qualcomm,Full HD,6.3
4.0,345,mi,silver,128GB,qualcomm,Full HD,6.7
4.3,182,vivo,blue,128GB,intel,HD,6.5
4.3,222,oppo,grey,32GB,mediatek,HD,5.5
4.2,182,infinix,black,128GB,mediatek,Full HD,6.7
4.2,258,redmi,blue,128GB,intel,Full HD,6.6
4.1,230,samsung,blue,128GB,intel,4K,6.5
4.1,182,infinix,black,128GB,mediatek,Full HD,6.8
4.3,107,tecno,gold,64GB,mediatek,Full HD,6.6
4.2,389,samsung,white,128GB,samsung,Full HD,6.5
4.2,376,samsung,silver,128GB,mediatek,4K,6.6
4.4,170,oppo,black,64GB,mediatek,HD,6.5
4.3,218,vivo,black,128GB,qualcomm,Full HD,6.6
4.2,364,oppo,black,128GB,mediatek,Full HD,6.4
4.2,115,samsung,blue,32GB,mediatek,HD,6.5
4.4,127,realme,silver,64GB,mediatek,Full HD,6.5
4.3,334,realme,blue,128GB,qualcomm,Full HD,6.4
4.2,182,samsung,black,128GB,intel,Full HD,6.4
4.0,200,oppo,blue,128GB,qualcomm,HD,6.6
4.1,164,infinix,blue,128GB,mediatek,4K,6.6
4.4,206,vivo,purple,64GB,mediatek,HD,6.2
4.1,102,tecno,white,64GB,intel,HD,6.6
4.3,188,motorola,black,256GB,qualcomm,Full HD,6.7
4.2,230,samsung,black,128GB,intel,HD,6.5
4.2,291,redmi,blue,128GB,intel,Full HD,6.7
4.2,114,redmi,purple,64GB,intel,HD,6.7
4.1,182,vivo,gold,32GB,mediatek,HD,5.5
4.0,227,oppo,black,128GB,intel,HD,6.6
4.3,215,vivo,grey,128GB,qualcomm,Full HD,6.6
4.4,139,realme,silver,64GB,mediatek,Full HD,6.5
4.2,121,motorola,blue,64GB,mediatek,HD,6.5
4.4,352,oppo,white,128GB,mediatek,Full HD,6.5
4.2,303,motorola,grey,128GB,qualcomm,Full HD,6.7
3.8,291,samsung,blue,128GB,qualcomm,Full HD,6.6
4.2,133,vivo,green,64GB,mediatek,HD,6.5
4.1,303,motorola,grey,128GB,qualcomm,Full HD,6.5
4.3,103,vivo,blue,32GB,mediatek,HD,6.2
4.2,212,redmi,black,128GB,intel,Full HD,6.7
4.3,120,oppo,white,32GB,mediatek,HD,6.5
4.2,133,infinix,black,64GB,mediatek,Full HD,6.7
4.5,194,tecno,blue,128GB,mediatek,HD,6.8
4.3,157,oppo,green,64GB,mediatek,HD,6.5
4.3,370,oneplus,black,128GB,intel,Full HD,6.7
4.2,249,xiaomi,black,256GB,qualcomm,Full HD,6.7
4.4,401,oppo,blue,256GB,mediatek,Full HD,6.7
4.2,137,redmi,black,64GB,intel,Full HD,6.5
4.3,160,redmi,blue,64GB,intel,Full HD,6.7
4.3,164,redmi,white,64GB,intel,Full HD,6.7
4.4,486,oppo,black,128GB,intel,HD,6.4
4.3,178,tecno,blue,128GB,mediatek,HD,6.6
4.3,291,vivo,gold,128GB,mediatek,Full HD,6.4
4.3,115,oppo,black,32GB,mediatek,HD,6.5
4.5,170,tecno,white,128GB,mediatek,HD,6.6
4.2,170,realme,black,64GB,mediatek,Full HD,6.4
4.4,395,samsung,green,128GB,intel,Full HD,6.7
4.4,133,vivo,black,32GB,qualcomm,HD,6.3
4.5,115,oppo,blue,64GB,mediatek,HD,6.6
4.1,194,samsung,green,64GB,samsung,Full HD,6.6
4.1,194,tecno,silver,128GB,mediatek,4K,6.9
4.2,298,samsung,black,128GB,qualcomm,Full HD,6.5
4.2,115,tecno,green,64GB,mediatek,HD,6.6
4.3,218,samsung,black,128GB,intel,4K,6.5
4.2,206,motorola,grey,64GB,qualcomm,Full HD,6.8
4.5,243,vivo,blue,64GB,qualcomm,Full HD,6.4
4.4,206,oppo,black,128GB,qualcomm,Full HD,6.6
4.3,328,oneplus,blue,128GB,intel,4K,6.4
4.3,106,tecno,blue,64GB,mediatek,4K,6.6
4.1,103,redmi,black,32GB,intel,HD,6.5
4.3,145,infinix,purple,128GB,mediatek,Full HD,6.8
4.3,103,samsung,grey,32GB,mediatek,HD,6.5
4.4,194,redmi,white,128GB,qualcomm,Full HD,6.3
4.3,395,oneplus,blue,128GB,intel,Full HD,6.7
4.2,156,samsung,blue,128GB,intel,HD,6.6
4.3,256,samsung,purple,128GB,samsung,Full HD,6.4
4.1,372,samsung,blue,256GB,samsung,Full HD,6.5
4.2,291,redmi,silver,256GB,mediatek,Full HD,6.6
4.2,255,samsung,black,128GB,mediatek,HD,6.5
4.2,340,vivo,black,256GB,mediatek,Full HD,6.4
4.2,206,samsung,black,64GB,qualcomm,HD,6.0
4.2,278,samsung,black,128GB,intel,4K,6.5
4.4,109,realme,grey,32GB,mediatek,HD,6.5
4.5,194,vivo,black,64GB,qualcomm,Full HD,6.5
3.8,133,motorola,black,64GB,mediatek,HD,6.5
4.4,158,redmi,black,64GB,qualcomm,Full HD,6.3
4.2,395,mi,silver,128GB,qualcomm,Full HD,6.7
4.2,109,infinix,blue,32GB,mediatek,Full HD,5.7
4.5,352,redmi,black,128GB,qualcomm,Full HD,6.4
4.2,127,samsung,white,32GB,qualcomm,HD,6.5
4.2,139,infinix,green,64GB,mediatek,4K,6.6
4.3,358,samsung,silver,128GB,qualcomm,Full HD,6.7
4.1,170,tecno,black,128GB,mediatek,4K,6.9
4.3,279,oppo,blue,128GB,qualcomm,Full HD,6.4
3.9,188,samsung,black,128GB,samsung,Full HD,6.6
4.4,170,redmi,white,64GB,qualcomm,Full HD,6.3
4.5,303,vivo,black,64GB,mediatek,Full HD,6.3
4.2,157,samsung,green,128GB,samsung,Full HD,6.6
4.1,188,samsung,blue,128GB,samsung,Full HD,6.6
3.9,334,oneplus,black,128GB,intel,Full HD,6.5
4.5,206,redmi,blue,64GB,qualcomm,Full HD,6.3
4.3,115,vivo,blue,32GB,mediatek,HD,6.5
3.9,364,vivo,blue,128GB,mediatek,Full HD,6.6
4.3,194,vivo,blue,128GB,mediatek,Full HD,6.6
4.1,105,tecno,blue,64GB,mediatek,HD,6.5
4.3,151,infinix,purple,128GB,mediatek,Full HD,7.0
4.4,158,redmi,purple,64GB,qualcomm,Full HD,6.3
4.2,347,oneplus,black,256GB,intel,Full HD,6.7
4.4,145,oppo,black,64GB,mediatek,HD,6.5
4.3,314,samsung,gold,32GB,samsung,Full HD,5.7
4.4,182,oppo,blue,128GB,qualcomm,Full HD,6.6
4.3,255,samsung,silver,128GB,samsung,Full HD,6.5
4.4,291,realme,green,128GB,mediatek,Full HD,6.7
4.3,133,infinix,green,64GB,mediatek,Full HD,6.8
4.2,303,vivo,gold,128GB,mediatek,Full HD,6.4
3.9,164,samsung,black,128GB,mediatek,HD,6.4
4.1,291,oneplus,blue,128GB,intel,4K,6.4
4.2,206,redmi,blue,128GB,intel,Full HD,6.5
4.1,255,samsung,black,128GB,intel,4K,6.7
4.3,316,samsung,blue,128GB,samsung,Full HD,6.4
4.4,137,oppo,white,64GB,intel,HD,6.5
4.1,267,oneplus,silver,256GB,intel,4K,6.4
4.1,194,infinix,black,128GB,mediatek,Full HD,6.7
4.0,110,tecno,black,64GB,intel,HD,6.5
4.3,169,redmi,purple,64GB,mediatek,Full HD,6.4
4.0,376,samsung,black,128GB,intel,4K,6.5
4.4,109,infinix,purple,32GB,mediatek,HD,6.8
4.5,206,redmi,gold,64GB,qualcomm,Full HD,6.0
3.8,354,oneplus,grey,256GB,intel,Full HD,6.7
4.1,155,tecno,blue,128GB,mediatek,HD,6.8
4.4,133,redmi,purple,128GB,mediatek,Full HD,6.6
4.2,204,redmi,blue,64GB,intel,Full HD,6.6
4.3,364,oneplus,grey,256GB,intel,4K,6.4
4.2,206,redmi,silver,128GB,intel,Full HD,6.6
4.4,151,redmi,black,128GB,intel,Full HD,6.6
4.0,170,oppo,black,64GB,mediatek,HD,6.6
4.5,255,realme,blue,128GB,qualcomm,Full HD,6.5
4.2,291,mi,black,128GB,intel,Full HD,6.7
4.4,164,redmi,gold,64GB,qualcomm,HD,6.0
4.2,298,samsung,purple,128GB,qualcomm,Full HD,6.5
4.5,158,realme,blue,128GB,qualcomm,HD,6.5
4.2,218,infinix,black,64GB,mediatek,4K,6.0
4.2,304,oneplus,green,256GB,intel,Full HD,6.7
4.4,170,vivo,blue,128GB,mediatek,Full HD,6.6
4.5,133,realme,green,64GB,qualcomm,HD,6.5
4.3,258,oneplus,grey,256GB,intel,Full HD,6.7
4.1,188,redmi,blue,128GB,intel,HD,6.4
3.9,273,oneplus,black,128GB,intel,4K,6.6
4.2,243,samsung,blue,128GB,qualcomm,HD,6.5
4.3,170,infinix,green,64GB,mediatek,Full HD,7.0
4.1,121,motorola,grey,32GB,mediatek,HD,5.5
4.4,401,oppo,white,128GB,mediatek,Full HD,6.4
4.5,164,vivo,blue,256GB,qualcomm,Full HD,6.6
4.4,340,realme,green,256GB,mediatek,Full HD,6.7
4.4,334,vivo,blue,128GB,qualcomm,Full HD,6.6
4.2,165,tecno,green,128GB,mediatek,4K,6.8
4.3,121,motorola,blue,64GB,mediatek,HD,6.5
4.2,144,redmi,black,64GB,intel,Full HD,6.5
4.3,133,infinix,purple,64GB,mediatek,Full HD,6.8
4.4,298,vivo,black,256GB,mediatek,Full HD,6.8
4.0,145,samsung,black,128GB,qualcomm,HD,6.5
3.9,243,samsung,blue,128GB,samsung,4K,6.6
4.2,328,redmi,purple,256GB,mediatek,Full HD,6.7
4.2,359,oneplus,green,256GB,intel,Full HD,6.7
4.3,164,samsung,black,128GB,qualcomm,4K,6.7
4.0,157,redmi,blue,128GB,intel,HD,6.5
4.3,291,mi,blue,64GB,qualcomm,Full HD,6.7
4.2,117,redmi,black,64GB,intel,HD,6.7
3.9,206,motorola,blue,128GB,mediatek,Full HD,6.5
4.3,291,samsung,white,64GB,samsung,4K,6.4
4.1,206,vivo,gold,128GB,qualcomm,Full HD,6.6
4.2,182,redmi,white,128GB,mediatek,Full HD,6.5
4.4,346,realme,white,128GB,mediatek,Full HD,6.7
4.3,145,samsung,white,64GB,samsung,HD,6.5
4.3,145,realme,blue,32GB,qualcomm,HD,6.5
4.1,164,infinix,black,128GB,mediatek,4K,6.6
4.2,261,vivo,gold,256GB,mediatek,Full HD,6.6
4.3,230,oppo,purple,256GB,mediatek,Full HD,6.4
4.3,141,tecno,blue,64GB,mediatek,4K,7.0
4.3,279,oneplus,blue,64GB,qualcomm,Full HD,6.4
4.3,310,vivo,black,128GB,qualcomm,Full HD,6.6
4.5,133,oppo,silver,64GB,qualcomm,HD,6.2
4.2,328,xiaomi,purple,128GB,mediatek,Full HD,6.7
4.4,316,realme,blue,128GB,mediatek,Full HD,6.7
4.1,200,motorola,blue,128GB,qualcomm,Full HD,
4.2,316,mi,silver,128GB,intel,4K,6.7
4.1,279,oneplus,silver,128GB,intel,4K,6.4
3.9,121,motorola,silver,64GB,mediatek,HD,6.5
4.3,139,redmi,black,64GB,qualcomm,Full HD,6.5
4.3,383,oneplus,grey,256GB,intel,Full HD,6.7
4.1,328,samsung,green,128GB,intel,Full HD,6.7
4.2,395,oppo,blue,256GB,mediatek,Full HD,6.7
4.3,260,samsung,black,128GB,samsung,Full HD,6.4
4.1,194,redmi,blue,128GB,qualcomm,Full HD,6.7
4.2,148,samsung,black,64GB,samsung,HD,6.4
4.2,165,realme,black,128GB,intel,4K,6.7
4.3,156,vivo,gold,64GB,intel,HD,6.5
4.5,121,realme,black,32GB,qualcomm,HD,6.2
4.5,139,oppo,black,64GB,mediatek,HD,6.5
4.5,313,oneplus,silver,128GB,intel,Full HD,6.7
4.3,106,tecno,blue,64GB,mediatek,4K,6.6
4.0,115,tecno,black,64GB,intel,4K,6.8
4.3,188,vivo,blue,128GB,mediatek,Full HD,6.6
4.4,230,oppo,blue,64GB,qualcomm,HD,6.2
4.2,178,tecno,white,128GB,mediatek,4K,6.8
4.5,206,redmi,black,128GB,qualcomm,Full HD,6.3
4.2,206,redmi,black,128GB,mediatek,Full HD,6.4
4.4,180,redmi,blue,64GB,mediatek,Full HD,6.4
4.4,425,oppo,white,128GB,qualcomm,Full HD,6.5
4.3,133,infinix,black,64GB,mediatek,Full HD,6.8
4.0,170,samsung,white,64GB,samsung,HD,6.5
4.3,255,oppo,gold,64GB,mediatek,Full HD,5.5
4.3,255,oppo,black,64GB,mediatek,Full HD,5.5
4.2,143,vivo,blue,64GB,mediatek,HD,6.5
4.1,303,motorola,green,128GB,qualcomm,Full HD,6.5
4.6,359,realme,blue,256GB,qualcomm,Full HD,6.5
4.4,194,oppo,blue,64GB,mediatek,HD,6.2
4.2,395,redmi,white,256GB,mediatek,Full HD,6.7
3.9,331,vivo,blue,256GB,mediatek,Full HD,6.4
4.2,255,xiaomi,blue,128GB,qualcomm,4K,6.5
4.2,303,motorola,silver,128GB,qualcomm,Full HD,6.7
4.2,206,infinix,black,256GB,mediatek,Full HD,7.0
4.3,243,oppo,blue,128GB,mediatek,Full HD,6.4
4.2,286,samsung,grey,128GB,qualcomm,Full HD,6.7
4.3,286,vivo,blue,256GB,qualcomm,Full HD,6.6
4.2,350,xiaomi,white,256GB,intel,4K,6.7
4.4,230,oppo,gold,64GB,qualcomm,HD,6.2
3.9,106,motorola,black,64GB,mediatek,HD,6.5
4.2,206,samsung,blue,64GB,intel,HD,6.5
4.4,145,redmi,black,64GB,qualcomm,Full HD,6.0
4.2,279,xiaomi,blue,128GB,qualcomm,4K,6.5
4.4,127,oppo,black,32GB,qualcomm,HD,6.5
3.8,291,samsung,silver,128GB,qualcomm,Full HD,6.6
4.1,218,samsung,blue,128GB,mediatek,HD,6.5
4.4,255,oppo,white,128GB,mediatek,Full HD,6.4
4.1,200,samsung,blue,128GB,samsung,Full HD,6.4
4.2,241,redmi,white,128GB,intel,Full HD,6.7
4.2,267,mi,black,128GB,qualcomm,Full HD,6.5
4.0,388,oneplus,blue,128GB,intel,Full HD,6.7
4.5,182,realme,gold,64GB,mediatek,Full HD,6.6
4.2,121,vivo,blue,32GB,mediatek,HD,6.5
4.0,388,samsung,white,128GB,samsung,Full HD,6.5
4.3,182,vivo,blue,64GB,qualcomm,HD,6.5
4.0,194,samsung,black,64GB,samsung,Full HD,6.4
4.3,217,samsung,gold,64GB,samsung,Full HD,5.5
4.4,279,oppo,blue,128GB,mediatek,Full HD,6.4
4.4,176,realme,black,64GB,qualcomm,Full HD,6.6
4.3,303,mi,white,32GB,qualcomm,Full HD,5.2
4.5,121,samsung,blue,64GB,samsung,HD,5.6
4.1,486,oppo,black,128GB,intel,HD,6.4
4.2,291,samsung,grey,128GB,samsung,HD,6.6
4.3,241,samsung,gold,32GB,mediatek,Full HD,5.7
4.1,170,redmi,gold,64GB,qualcomm,Full HD,6.7
4.3,224,oppo,black,64GB,mediatek,Full HD,6.5
4.2,388,samsung,black,128GB,samsung,Full HD,6.5
4.4,388,realme,blue,128GB,qualcomm,Full HD,6.6
4.2,218,samsung,blue,128GB,intel,4K,6.7
4.3,206,vivo,white,64GB,qualcomm,HD,6.5
4.5,194,redmi,black,64GB,qualcomm,Full HD,6.3
4.3,303,mi,black,32GB,qualcomm,Full HD,5.2
4.1,299,samsung,black,256GB,qualcomm,4K,7.6
4.2,133,redmi,black,128GB,qualcomm,HD,6.7
4.3,292,oneplus,black,256GB,intel,4K,6.6
4.5,359,vivo,blue,256GB,mediatek,Full HD,6.6
4.5,255,vivo,blue,128GB,qualcomm,Full HD,6.5
4.2,273,oneplus,black,128GB,intel,2K,6.7
3.9,170,samsung,black,64GB,samsung,Full HD,6.6
4.3,291,vivo,blue,64GB,qualcomm,Full HD,6.3
4.2,100,infinix,purple,64GB,mediatek,HD,6.8
4.1,364,infinix,silver,256GB,mediatek,Full HD,6.8
4.4,255,oppo,black,128GB,mediatek,Full HD,6.4
4.5,401,oppo,silver,256GB,mediatek,Full HD,6.7
4.3,218,oneplus,blue,128GB,intel,Full HD,6.4
4.1,243,samsung,green,128GB,qualcomm,Full HD,6.6
4.4,198,vivo,blue,128GB,qualcomm,Full HD,6.6
4.1,130,motorola,blue,64GB,mediatek,HD,6.5
4.2,212,mi,black,64GB,qualcomm,Full HD,6.0
4.5,115,samsung,green,128GB,qualcomm,Full HD,6.1
4.2,212,mi,black,128GB,qualcomm,Full HD,6.5
4.5,115,samsung,black,128GB,qualcomm,Full HD,6.1
4.5,316,realme,blue,128GB,qualcomm,Full HD,6.5
4.3,158,realme,blue,128GB,mediatek,Full HD,6.6
4.3,358,oppo,black,256GB,mediatek,Full HD,6.5
4.3,334,samsung,white,128GB,qualcomm,Full HD,6.4
4.6,352,oneplus,silver,128GB,qualcomm,Full HD,6.5
4.4,395,oppo,blue,256GB,mediatek,Full HD,6.7
4.2,248,samsung,blue,256GB,samsung,Full HD,6.7
4.5,267,oppo,purple,64GB,mediatek,Full HD,6.3
4.4,388,realme,black,128GB,qualcomm,Full HD,6.6
4.4,298,samsung,purple,128GB,intel,Full HD,6.5
4.4,334,vivo,blue,128GB,mediatek,Full HD,6.8
4.5,388,redmi,white,256GB,qualcomm,Full HD,6.4
4.4,271,samsung,blue,64GB,samsung,Full HD,6.0
4.1,170,samsung,blue,64GB,samsung,Full HD,6.4
4.4,158,redmi,black,32GB,qualcomm,Full HD,6.3
4.2,109,oppo,silver,32GB,mediatek,HD,6.2
4.4,279,oppo,black,64GB,mediatek,Full HD,6.2
4.1,139,samsung,blue,32GB,mediatek,HD,6.5
4.1,145,redmi,black,128GB,intel,HD,6.5
4.3,371,motorola,gold,128GB,qualcomm,Full HD,6.5
4.3,242,vivo,gold,128GB,mediatek,Full HD,6.6
4.3,133,infinix,blue,64GB,mediatek,HD,6.6
4.1,206,samsung,white,128GB,intel,HD,6.5
4.2,121,oppo,gold,64GB,mediatek,HD,6.6
4.3,133,infinix,green,64GB,mediatek,HD,6.8
4.2,310,samsung,white,128GB,qualcomm,Full HD,6.7
4.2,158,samsung,black,64GB,mediatek,HD,6.4
4.3,288,oneplus,grey,128GB,intel,2K,6.7
4.1,336,samsung,black,128GB,samsung,Full HD,6.4
4.2,364,oppo,blue,256GB,mediatek,Full HD,6.4
4.0,263,oneplus,blue,256GB,intel,Full HD,6.5
4.4,139,realme,blue,64GB,mediatek,HD,6.5
4.3,279,oppo,black,64GB,qualcomm,Full HD,6.0
4.3,218,oppo,blue,128GB,qualcomm,Full HD,6.6
4.2,201,oneplus,green,256GB,intel,Full HD,6.7
4.1,261,motorola,grey,128GB,qualcomm,Full HD,6.6
4.4,255,oppo,blue,128GB,mediatek,Full HD,6.4
4.3,372,oneplus,black,128GB,intel,Full HD,6.7
4.3,145,infinix,green,128GB,mediatek,Full HD,6.8
4.2,109,redmi,white,32GB,qualcomm,HD,6.2
4.4,170,oppo,green,64GB,mediatek,HD,6.6
4.4,242,vivo,white,128GB,qualcomm,Full HD,6.5
4.3,218,oppo,black,128GB,mediatek,HD,6.5
4.1,177,samsung,blue,128GB,intel,4K,6.4
4.4,279,oppo,black,128GB,mediatek,Full HD,6.4
4.3,121,infinix,green,64GB,mediatek,HD,6.8
4.3,255,samsung,black,128GB,samsung,Full HD,6.5
4.4,158,realme,blue,128GB,mediatek,HD,6.5
4.4,303,realme,blue,128GB,mediatek,Full HD,6.7
4.2,100,tecno,blue,32GB,mediatek,HD,6.5
4.2,139,infinix,black,64GB,mediatek,4K,6.6
4.2,322,samsung,black,128GB,qualcomm,Full HD,6.5
4.2,115,vivo,green,32GB,mediatek,HD,6.5
4.3,230,vivo,black,128GB,mediatek,HD,6.5
4.3,169,redmi,black,64GB,mediatek,Full HD,6.4
4.3,113,redmi,black,64GB,mediatek,Full HD,6.6
4.2,290,samsung,green,256GB,qualcomm,4K,7.6
4.3,218,redmi,blue,128GB,qualcomm,Full HD,6.3
4.2,237,samsung,blue,128GB,intel,HD,6.5
4.2,148,samsung,black,64GB,samsung,4K,6.4
3.9,121,motorola,grey,64GB,mediatek,HD,6.5
4.4,376,vivo,black,128GB,mediatek,Full HD,6.4
4.2,194,infinix,blue,256GB,mediatek,Full HD,6.8
4.1,178,redmi,black,64GB,intel,Full HD,6.4
4.3,121,redmi,black,64GB,qualcomm,HD,6.7
4.3,255,oppo,gold,64GB,mediatek,Full HD,5.5
4.2,156,samsung,blue,32GB,qualcomm,HD,6.5
4.6,115,samsung,blue,32GB,qualcomm,2K,6.3
4.3,194,oppo,gold,64GB,mediatek,HD,6.2
4.2,255,xiaomi,blue,128GB,intel,4K,6.5
4.5,395,vivo,blue,128GB,qualcomm,Full HD,6.4
4.1,334,samsung,blue,128GB,samsung,Full HD,6.4
4.4,359,realme,black,256GB,qualcomm,Full HD,6.6
4.3,194,redmi,gold,64GB,qualcomm,Full HD,6.7
4.3,162,samsung,black,128GB,intel,Full HD,6.4
4.4,145,redmi,gold,64GB,qualcomm,Full HD,6.0
4.3,218,redmi,white,128GB,qualcomm,Full HD,6.7
4.4,279,vivo,black,128GB,mediatek,Full HD,6.6
4.4,157,vivo,blue,64GB,qualcomm,HD,6.5
4.2,133,infinix,green,64GB,mediatek,Full HD,7.0
4.4,145,oppo,blue,64GB,qualcomm,HD,6.5
4.4,170,oppo,blue,64GB,qualcomm,Full HD,6.4
4.3,267,oppo,green,128GB,qualcomm,HD,6.5
4.5,132,oppo,black,64GB,qualcomm,HD,6.5
4.0,350,xiaomi,black,128GB,intel,4K,6.7
4.3,145,vivo,gold,64GB,mediatek,HD,6.5
4.4,328,realme,blue,128GB,mediatek,Full HD,6.4
4.3,182,redmi,blue,128GB,qualcomm,Full HD,6.7
4.3,121,infinix,black,64GB,mediatek,HD,6.6
4.2,108,redmi,green,64GB,intel,HD,6.7
4.0,255,oneplus,black,256GB,intel,4K,6.3
4.3,176,samsung,white,64GB,samsung,Full HD,6.6
4.3,188,realme,blue,64GB,mediatek,Full HD,6.5
4.2,163,oppo,black,32GB,mediatek,HD,5.7
4.3,127,samsung,blue,128GB,samsung,Full HD,6.6
4.2,182,samsung,green,128GB,intel,HD,6.5
4.0,121,tecno,black,64GB,mediatek,HD,6.6
4.4,109,redmi,black,32GB,qualcomm,HD,6.2
4.3,144,vivo,blue,64GB,qualcomm,HD,6.5
4.1,334,realme,silver,128GB,qualcomm,Full HD,6.4
3.8,388,oneplus,green,128GB,qualcomm,Full HD,6.5
4.3,145,tecno,grey,64GB,mediatek,HD,7.0
4.2,136,motorola,grey,64GB,qualcomm,Full HD,6.6
4.2,303,xiaomi,green,128GB,mediatek,Full HD,6.7
4.2,328,xiaomi,green,128GB,mediatek,Full HD,6.7
4.3,133,samsung,blue,32GB,samsung,Full HD,6.4
4.2,255,redmi,blue,128GB,intel,Full HD,6.6
4.4,218,realme,black,128GB,qualcomm,Full HD,6.4
4.4,133,redmi,green,128GB,mediatek,Full HD,6.6
4.2,182,mi,blue,64GB,qualcomm,HD,6.1
4.2,206,oppo,purple,128GB,mediatek,4K,6.5
4.5,347,oneplus,blue,256GB,intel,2K,6.7
4.3,298,samsung,purple,256GB,qualcomm,Full HD,6.4
4.2,121,redmi,purple,64GB,intel,HD,6.5
4.1,115,tecno,white,32GB,intel,HD,7.0
4.2,170,samsung,green,128GB,samsung,4K,6.6
4.1,188,motorola,grey,128GB,qualcomm,Full HD,6.5
4.3,182,mi,silver,32GB,qualcomm,Full HD,6.4
4.2,151,tecno,purple,64GB,mediatek,HD,6.5
4.3,328,vivo,blue,128GB,qualcomm,Full HD,6.6
4.2,230,samsung,blue,128GB,intel,HD,6.5
4.2,145,motorola,grey,64GB,mediatek,Full HD,6.4
4.2,109,redmi,grey,64GB,intel,HD,6.5
4.2,376,samsung,white,128GB,qualcomm,4K,6.7
4.4,194,oppo,blue,128GB,mediatek,HD,6.5
4.2,303,redmi,blue,128GB,mediatek,Full HD,6.7
4.3,206,oppo,white,128GB,qualcomm,Full HD,6.5
4.2,267,mi,blue,128GB,qualcomm,Full HD,6.5
4.5,164,realme,blue,128GB,qualcomm,Full HD,6.6
4.4,127,realme,black,64GB,mediatek,HD,6.5
4.4,158,redmi,blue,64GB,qualcomm,Full HD,6.3
4.2,206,redmi,green,128GB,mediatek,Full HD,6.6
4.2,243,redmi,black,128GB,intel,Full HD,6.6
4.5,128,vivo,black,128GB,mediatek,Full HD,6.8
4.5,290,vivo,gold,128GB,mediatek,Full HD,6.4
4.1,261,motorola,white,128GB,qualcomm,Full HD,6.6
4.4,279,oppo,black,64GB,mediatek,Full HD,6.2
4.3,119,vivo,blue,32GB,intel,HD,6.5
3.9,128,oneplus,black,256GB,intel,2K,6.7
4.0,316,samsung,grey,128GB,samsung,Full HD,6.7
4.5,194,oppo,white,64GB,qualcomm,HD,6.5
4.3,145,infinix,silver,128GB,mediatek,Full HD,6.8
4.2,105,redmi,purple,64GB,intel,HD,6.7
4.2,255,redmi,white,128GB,intel,Full HD,6.6
4.5,182,vivo,black,128GB,mediatek,Full HD,6.6
4.3,127,tecno,blue,64GB,mediatek,HD,6.8
4.4,206,vivo,gold,128GB,qualcomm,Full HD,6.6
4.3,182,mi,gold,32GB,qualcomm,Full HD,6.4
4.3,176,samsung,black,64GB,mediatek,HD,6.5
4.2,486,oppo,purple,256GB,qualcomm,Full HD,6.7
4.5,395,oppo,blue,256GB,mediatek,Full HD,6.7
4.4,316,oneplus,blue,128GB,intel,4K,6.4
4.4,103,oneplus,black,128GB,intel,2K,6.7
4.2,169,redmi,white,64GB,intel,Full HD,6.4
4.2,151,vivo,blue,64GB,intel,HD,6.5
4.2,100,infinix,blue,64GB,mediatek,HD,6.8
4.3,230,samsung,blue,64GB,samsung,Full HD,6.4
3.9,170,samsung,silver,64GB,samsung,Full HD,6.6
4.2,133,infinix,black,64GB,mediatek,Full HD,7.0
4.2,298,samsung,white,128GB,qualcomm,Full HD,6.5
4.2,253,realme,blue,128GB,mediatek,4K,6.4
4.3,121,vivo,black,32GB,mediatek,HD,6.2
4.1,322,realme,black,256GB,mediatek,Full HD,6.7
4.5,118,oppo,blue,64GB,mediatek,HD,6.6
4.4,133,realme,blue,32GB,mediatek,HD,6.5
4.0,206,redmi,green,128GB,qualcomm,Full HD,6.7
4.3,170,redmi,black,128GB,intel,Full HD,6.7
4.1,267,samsung,silver,128GB,qualcomm,Full HD,6.6
4.2,395,redmi,blue,256GB,mediatek,Full HD,6.7
4.5,170,tecno,black,128GB,intel,HD,6.6
4.4,328,vivo,black,64GB,mediatek,Full HD,6.5
4.4,212,redmi,purple,128GB,mediatek,Full HD,6.4
4.3,206,vivo,black,64GB,qualcomm,HD,6.5
4.6,383,realme,white,256GB,qualcomm,Full HD,6.5
4.2,127,redmi,purple,128GB,intel,HD,6.7
4.3,164,redmi,green,64GB,qualcomm,Full HD,6.5
4.5,194,redmi,blue,64GB,qualcomm,Full HD,6.3
4.4,170,oppo,black,64GB,mediatek,HD,6.6
4.2,127,vivo,gold,64GB,mediatek,HD,6.5
4.3,297,oneplus,blue,128GB,intel,Full HD,6.4
4.4,141,tecno,black,128GB,mediatek,HD,6.6
3.9,206,motorola,white,128GB,mediatek,Full HD,6.5
4.2,132,motorola,green,64GB,qualcomm,Full HD,6.5
4.0,206,infinix,white,256GB,mediatek,Full HD,6.8
4.3,182,redmi,white,64GB,intel,Full HD,6.7
4.4,291,vivo,blue,128GB,qualcomm,Full HD,6.4
4.5,206,redmi,black,64GB,qualcomm,Full HD,6.0
4.2,136,samsung,blue,64GB,intel,HD,6.6
4.3,170,oppo,green,128GB,mediatek,HD,6.5
4.3,326,mi,silver,128GB,qualcomm,Full HD,6.7
4.3,361,vivo,blue,128GB,mediatek,Full HD,6.6
4.3,182,vivo,green,128GB,mediatek,Full HD,6.6
4.5,388,redmi,black,256GB,qualcomm,Full HD,6.4
4.4,425,oppo,blue,256GB,mediatek,Full HD,6.5
4.4,206,samsung,blue,128GB,mediatek,Full HD,6.4
4.3,364,oneplus,green,256GB,intel,Full HD,6.4
4.1,303,motorola,grey,128GB,qualcomm,Full HD,6.5
4.3,291,realme,black,128GB,mediatek,Full HD,6.7
4.3,334,mi,black,128GB,qualcomm,Full HD,6.0
4.4,437,oppo,black,256GB,mediatek,Full HD,6.4
4.3,103,vivo,grey,32GB,mediatek,HD,6.5
4.3,182,redmi,black,128GB,qualcomm,Full HD,6.7
4.4,139,vivo,white,64GB,qualcomm,HD,6.5
4.1,121,redmi,grey,32GB,intel,HD,6.5
4.2,334,vivo,blue,256GB,mediatek,Full HD,6.4
4.2,100,tecno,green,32GB,intel,HD,6.5
4.3,194,vivo,black,128GB,mediatek,Full HD,6.6
4.1,182,samsung,black,128GB,samsung,Full HD,6.6
4.5,395,oppo,blue,256GB,mediatek,Full HD,6.7
4.2,123,samsung,black,64GB,qualcomm,HD,6.5
4.3,395,vivo,black,256GB,mediatek,Full HD,6.4
4.2,127,redmi,black,128GB,mediatek,HD,6.7
3.9,334,oneplus,grey,256GB,intel,4K,6.7
4.2,273,mi,silver,128GB,qualcomm,Full HD,6.7
4.2,158,samsung,black,64GB,samsung,Full HD,6.4
4.2,151,tecno,gold,64GB,mediatek,HD,6.5
4.5,395,oneplus,blue,256GB,qualcomm,2K,6.7
4.2,185,redmi,black,128GB,intel,Full HD,6.6
4.4,158,realme,blue,128GB,qualcomm,HD,6.5
4.4,243,vivo,black,32GB,qualcomm,Full HD,6.3
4.3,249,samsung,black,128GB,samsung,Full HD,6.7
4.3,106,tecno,blue,64GB,intel,HD,6.6
4.2,170,motorola,white,128GB,qualcomm,Full HD,6.6
4.3,206,vivo,gold,128GB,mediatek,HD,6.5
4.3,121,samsung,black,32GB,mediatek,HD,6.2
4.0,206,samsung,black,128GB,samsung,HD,6.5
4.3,196,samsung,purple,64GB,samsung,Full HD,6.4
4.2,157,redmi,black,64GB,intel,Full HD,6.4
4.3,218,redmi,white,128GB,qualcomm,Full HD,6.7
4.4,133,vivo,black,32GB,qualcomm,HD,6.2
4.1,149,redmi,black,128GB,intel,Full HD,6.5
4.3,182,redmi,white,64GB,qualcomm,Full HD,6.4
4.2,156,realme,black,64GB,intel,4K,6.7
4.2,370,samsung,purple,128GB,qualcomm,Full HD,6.5
4.3,395,samsung,black,128GB,intel,4K,6.7
4.3,148,oneplus,green,256GB,intel,2K,6.7
4.3,206,redmi,black,128GB,qualcomm,Full HD,6.7
4.1,173,samsung,blue,64GB,samsung,Full HD,6.4
4.2,158,redmi,silver,64GB,intel,Full HD,6.6
4.4,154,redmi,gold,64GB,qualcomm,Full HD,5.5
4.3,303,realme,green,128GB,mediatek,Full HD,6.4
4.2,107,redmi,black,64GB,intel,HD,6.7
4.2,130,tecno,blue,64GB,mediatek,4K,6.9
4.2,249,xiaomi,blue,256GB,qualcomm,Full HD,6.7
4.3,206,vivo,black,64GB,mediatek,HD,6.5
4.2,206,infinix,black,128GB,mediatek,Full HD,6.7
4.4,128,vivo,blue,256GB,qualcomm,Full HD,6.6
4.4,188,oppo,silver,128GB,qualcomm,Full HD,6.4
4.3,322,vivo,black,256GB,mediatek,Full HD,6.4
4.5,164,vivo,blue,64GB,mediatek,HD,6.5
4.1,249,mi,black,128GB,qualcomm,Full HD,6.0
4.2,395,oppo,blue,256GB,mediatek,Full HD,6.7
4.2,206,infinix,blue,256GB,mediatek,Full HD,6.7
4.4,230,realme,blue,128GB,qualcomm,Full HD,6.6
3.9,206,infinix,blue,64GB,mediatek,4K,5.9
4.5,255,realme,white,128GB,qualcomm,Full HD,6.5
4.3,114,vivo,blue,32GB,mediatek,HD,6.2
4.4,395,oppo,blue,256GB,mediatek,Full HD,6.7
4.1,388,samsung,blue,128GB,samsung,Full HD,6.5
4.3,370,samsung,white,128GB,qualcomm,4K,6.7
4.4,243,redmi,black,128GB,mediatek,Full HD,6.5
4.3,230,oppo,black,256GB,mediatek,Full HD,6.4
4.5,364,oppo,black,128GB,mediatek,Full HD,6.5
4.4,170,oppo,black,128GB,qualcomm,Full HD,6.5
4.0,371,samsung,green,128GB,intel,Full HD,6.7
4.3,194,samsung,blue,64GB,samsung,Full HD,6.4
4.4,310,vivo,black,256GB,mediatek,Full HD,6.8
4.3,157,samsung,green,128GB,samsung,HD,6.5
4.1,291,mi,silver,128GB,qualcomm,Full HD,6.7
4.3,220,oppo,black,128GB,intel,HD,6.6
4.4,154,redmi,blue,64GB,qualcomm,Full HD,5.5
4.2,157,redmi,black,64GB,intel,Full HD,6.4
4.2,198,redmi,blue,128GB,intel,HD,6.4
4.2,260,xiaomi,black,128GB,qualcomm,4K,6.5
4.2,262,redmi,blue,128GB,intel,Full HD,6.7
4.3,303,oneplus,grey,128GB,intel,Full HD,6.4
4.4,165,redmi,grey,64GB,qualcomm,HD,6.0
4.4,148,oppo,blue,64GB,mediatek,HD,6.6
4.4,364,oneplus,grey,128GB,intel,4K,6.4
4.2,328,redmi,blue,256GB,mediatek,Full HD,6.7
4.0,133,samsung,blue,32GB,mediatek,HD,6.2
4.4,157,vivo,black,32GB,mediatek,HD,6.5
4.5,206,redmi,blue,64GB,qualcomm,Full HD,6.0
4.2,141,samsung,blue,64GB,mediatek,HD,6.6
4.1,133,infinix,black,32GB,mediatek,4K,6.0
4.4,140,realme,green,128GB,mediatek,HD,6.5
4.4,121,vivo,blue,32GB,qualcomm,HD,6.3
4.3,218,redmi,green,128GB,qualcomm,Full HD,6.4
4.3,164,vivo,blue,128GB,mediatek,HD,6.5
4.2,285,oneplus,blue,128GB,intel,Full HD,6.4
4.2,158,realme,blue,64GB,mediatek,HD,6.5
4.3,206,vivo,black,128GB,mediatek,HD,6.5
4.2,133,samsung,blue,64GB,qualcomm,HD,6.5
4.5,219,oppo,green,256GB,mediatek,Full HD,6.5
4.3,303,vivo,black,128GB,qualcomm,Full HD,6.4
4.4,206,vivo,white,128GB,qualcomm,Full HD,6.6
4.2,133,redmi,green,128GB,qualcomm,HD,6.7
4.1,166,tecno,blue,128GB,mediatek,4K,6.9
3.9,158,tecno,blue,128GB,intel,4K,6.8
4.3,206,vivo,blue,64GB,qualcomm,HD,6.5
4.4,213,samsung,black,64GB,samsung,4K,6.4
4.2,145,redmi,blue,64GB,intel,Full HD,6.5
4.3,100,vivo,black,32GB,mediatek,HD,6.2
4.3,188,samsung,green,128GB,qualcomm,Full HD,6.6
4.3,121,vivo,black,32GB,qualcomm,HD,6.5
4.3,237,vivo,black,128GB,intel,Full HD,6.8
4.3,303,vivo,blue,128GB,mediatek,Full HD,6.4
4.4,291,samsung,black,64GB,samsung,4K,6.4
4.4,364,oneplus,silver,128GB,intel,Full HD,6.5
4.0,119,oppo,silver,32GB,intel,HD,6.5
4.2,371,samsung,black,128GB,qualcomm,Full HD,6.7
4.3,156,samsung,black,32GB,qualcomm,HD,6.5
4.3,260,samsung,silver,128GB,intel,Full HD,6.5
4.2,243,motorola,grey,128GB,qualcomm,Full HD,6.6
4.2,109,tecno,purple,64GB,mediatek,4K,6.6
4.2,171,samsung,silver,128GB,mediatek,Full HD,6.7
4.2,279,mi,black,128GB,qualcomm,Full HD,6.7
4.5,228,samsung,black,128GB,samsung,Full HD,6.4
4.5,145,realme,blue,64GB,qualcomm,HD,6.5
4.2,138,samsung,black,64GB,samsung,4K,6.4
4.3,220,oppo,blue,128GB,intel,HD,6.6
4.2,375,samsung,black,128GB,qualcomm,4K,6.7
4.2,278,xiaomi,black,128GB,qualcomm,4K,6.5
3.8,236,vivo,black,256GB,mediatek,Full HD,6.8
4.2,121,motorola,green,64GB,qualcomm,Full HD,6.5
4.1,121,motorola,gold,32GB,mediatek,HD,5.5
4.4,334,vivo,black,128GB,mediatek,Full HD,6.8
4.3,102,tecno,purple,64GB,mediatek,Full HD,6.6
4.3,230,oppo,blue,64GB,mediatek,HD,6.5
4.3,152,samsung,green,128GB,intel,Full HD,6.1
4.3,133,infinix,purple,64GB,mediatek,HD,6.8
4.2,388,oppo,black,256GB,mediatek,Full HD,6.4
4.3,182,redmi,gold,128GB,qualcomm,Full HD,6.7
4.1,145,redmi,grey,64GB,qualcomm,HD,5.5
4.1,104,tecno,blue,64GB,mediatek,HD,6.6
4.4,194,oppo,green,64GB,mediatek,HD,6.2
4.2,102,tecno,blue,64GB,mediatek,4K,6.6
4.2,121,vivo,gold,64GB,mediatek,HD,6.5
4.5,103,realme,black,32GB,mediatek,HD,6.2
4.3,115,vivo,white,32GB,mediatek,HD,6.5
4.4,161,oppo,green,64GB,intel,HD,6.6
4.4,291,oppo,green,128GB,mediatek,4K,6.5
4.2,182,infinix,blue,128GB,mediatek,Full HD,6.7
4.1,128,mi,green,128GB,qualcomm,Full HD,6.7
4.5,291,vivo,black,64GB,qualcomm,Full HD,6.3
4.2,176,redmi,white,64GB,intel,Full HD,6.5
4.1,151,samsung,black,64GB,samsung,HD,6.5
4.4,331,vivo,blue,256GB,mediatek,Full HD,6.4
4.4,170,vivo,blue,64GB,qualcomm,HD,6.3
4.2,310,vivo,black,256GB,mediatek,Full HD,6.6
4.2,157,samsung,green,64GB,intel,Full HD,6.4
4.5,364,oppo,grey,128GB,mediatek,Full HD,6.5
4.6,371,oneplus,blue,128GB,qualcomm,Full HD,6.5
4.5,171,redmi,silver,64GB,intel,Full HD,6.6
4.3,230,realme,blue,128GB,qualcomm,Full HD,6.7
4.1,310,mi,green,256GB,qualcomm,Full HD,6.7
4.2,200,samsung,silver,128GB,intel,4K,6.6
4.4,145,redmi,blue,32GB,qualcomm,Full HD,6.3
4.3,100,redmi,blue,32GB,qualcomm,HD,6.2
4.5,286,vivo,grey,256GB,qualcomm,Full HD,6.6
4.5,255,realme,black,256GB,intel,Full HD,6.4
4.2,297,samsung,gold,128GB,qualcomm,Full HD,6.7
4.4,139,redmi,blue,64GB,mediatek,Full HD,6.5
4.5,387,oneplus,black,128GB,intel,Full HD,6.5
4.4,334,vivo,black,128GB,qualcomm,Full HD,6.6
4.2,170,samsung,green,128GB,samsung,Full HD,6.6
4.1,340,samsung,black,128GB,samsung,Full HD,6.4
4.5,145,oppo,blue,64GB,qualcomm,HD,6.5
4.2,145,oppo,black,64GB,mediatek,HD,6.5
4.1,154,samsung,green,64GB,intel,HD,6.5
4.4,206,oppo,gold,64GB,qualcomm,HD,6.2
4.2,291,redmi,black,128GB,intel,Full HD,6.7
4.4,304,vivo,blue,256GB,mediatek,Full HD,6.8
3.9,248,samsung,green,256GB,samsung,Full HD,6.7
4.4,364,oneplus,grey,128GB,intel,Full HD,6.4
4.1,253,oppo,black,128GB,qualcomm,Full HD,6.4
4.3,121,infinix,silver,64GB,mediatek,Full HD,6.6
4.2,136,samsung,green,64GB,intel,Full HD,6.6
4.3,257,vivo,green,128GB,qualcomm,Full HD,6.4
4.3,303,samsung,blue,128GB,qualcomm,Full HD,6.5
4.1,188,motorola,blue,128GB,qualcomm,Full HD,6.5
4.4,230,oppo,gold,64GB,mediatek,HD,5.5
4.5,352,redmi,white,128GB,qualcomm,Full HD,6.4
4.1,242,realme,black,128GB,intel,Full HD,6.4
4.3,316,samsung,white,128GB,samsung,Full HD,6.4
4.2,255,oppo,white,128GB,qualcomm,Full HD,6.5
4.3,376,oppo,gold,64GB,qualcomm,Full HD,6.0
4.4,129,redmi,grey,32GB,qualcomm,Full HD,5.5
4.1,182,tecno,black,256GB,mediatek,Full HD,6.8
4.3,359,vivo,black,128GB,mediatek,Full HD,6.6
4.2,359,vivo,blue,128GB,mediatek,Full HD,6.6
4.3,109,redmi,blue,64GB,mediatek,HD,6.5
4.3,145,samsung,white,64GB,samsung,HD,6.5
4.2,249,samsung,black,128GB,mediatek,HD,6.4
4.4,133,oppo,silver,64GB,mediatek,HD,6.2
4.4,158,vivo,black,128GB,mediatek,Full HD,6.6
4.2,131,tecno,black,64GB,mediatek,4K,6.9
4.5,182,redmi,black,64GB,qualcomm,Full HD,6.0
4.5,290,vivo,blue,128GB,intel,Full HD,6.4
4.4,182,realme,white,64GB,mediatek,Full HD,6.5
4.5,127,redmi,blue,32GB,qualcomm,HD,6.0
4.4,206,vivo,blue,64GB,mediatek,HD,6.5
4.1,152,tecno,grey,128GB,mediatek,HD,6.8
4.4,255,vivo,white,128GB,qualcomm,4K,6.4
4.1,182,tecno,white,256GB,mediatek,Full HD,6.8
3.8,401,oppo,blue,256GB,mediatek,Full HD,6.7
4.3,334,samsung,white,128GB,qualcomm,Full HD,6.4
4.5,206,redmi,white,64GB,mediatek,Full HD,6.5
4.5,182,realme,blue,64GB,mediatek,Full HD,6.6
4.1,164,samsung,blue,128GB,mediatek,HD,6.4
4.3,170,vivo,blue,64GB,mediatek,HD,6.5
4.3,188,vivo,white,64GB,qualcomm,HD,6.5
4.3,188,vivo,green,128GB,mediatek,HD,6.5
4.5,316,oneplus,black,128GB,intel,Full HD,6.7
4.3,364,oneplus,blue,128GB,intel,Full HD,6.7
4.4,170,vivo,blue,64GB,mediatek,HD,6.3
4.4,182,vivo,blue,128GB,qualcomm,Full HD,6.6
4.5,206,redmi,gold,64GB,qualcomm,Full HD,6.0
4.3,384,oneplus,grey,128GB,intel,4K,6.7
4.4,177,mi,black,64GB,qualcomm,Full HD,5.5
4.4,206,vivo,black,64GB,qualcomm,HD,6.5
4.0,249,tecno,grey,256GB,mediatek,4K,6.8
4.3,229,samsung,white,64GB,samsung,Full HD,6.4
4.4,133,redmi,black,128GB,mediatek,Full HD,6.6
4.0,376,mi,black,256GB,qualcomm,Full HD,6.7
4.3,109,infinix,white,128GB,mediatek,HD,6.6
4.1,127,samsung,black,64GB,samsung,HD,6.5
4.3,109,infinix,black,128GB,mediatek,HD,6.6
4.3,164,vivo,blue,64GB,mediatek,HD,6.5
4.0,255,redmi,blue,256GB,qualcomm,Full HD,6.7
4.4,255,redmi,white,128GB,qualcomm,Full HD,6.7
4.1,149,redmi,white,128GB,intel,Full HD,6.5
4.2,133,infinix,purple,64GB,mediatek,Full HD,7.0
4.4,133,redmi,blue,32GB,qualcomm,Full HD,6.0
4.3,395,oppo,silver,256GB,mediatek,Full HD,6.7
4.4,170,oppo,blue,32GB,mediatek,HD,6.2
4.4,218,oppo,white,128GB,qualcomm,Full HD,6.5
4.2,291,xiaomi,black,128GB,mediatek,Full HD,6.7
4.4,206,redmi,white,64GB,mediatek,Full HD,6.4
4.1,230,redmi,blue,128GB,qualcomm,Full HD,6.7
4.3,109,tecno,blue,64GB,intel,HD,6.6
4.2,170,samsung,purple,128GB,mediatek,Full HD,6.6
4.3,303,realme,black,256GB,mediatek,Full HD,6.7
4.3,121,infinix,purple,64GB,mediatek,HD,6.8
4.3,279,oppo,silver,64GB,mediatek,Full HD,6.2
4.4,151,oppo,black,64GB,mediatek,HD,6.6
4.3,315,samsung,blue,128GB,qualcomm,Full HD,6.5
4.1,340,oppo,black,128GB,mediatek,Full HD,6.2
4.4,170,vivo,black,32GB,mediatek,HD,6.1
4.2,194,redmi,blue,128GB,mediatek,Full HD,6.6
4.2,255,samsung,blue,64GB,samsung,4K,6.4
4.2,316,samsung,green,128GB,samsung,Full HD,6.7
4.2,257,redmi,black,128GB,intel,Full HD,6.6
3.8,104,oppo,black,32GB,intel,HD,6.1
4.3,194,motorola,blue,64GB,qualcomm,Full HD,6.3
4.2,212,mi,white,128GB,qualcomm,HD,6.1
4.3,371,oneplus,blue,256GB,intel,4K,6.4
4.3,371,vivo,gold,128GB,mediatek,Full HD,6.6
4.3,315,vivo,black,128GB,mediatek,Full HD,6.4
4.0,401,oppo,blue,256GB,mediatek,Full HD,6.7
4.1,163,tecno,white,128GB,mediatek,Full HD,6.8
4.5,243,vivo,black,128GB,mediatek,4K,6.4
4.5,206,vivo,black,128GB,qualcomm,Full HD,6.6
4.3,115,redmi,green,32GB,mediatek,HD,6.5
4.3,348,samsung,silver,128GB,mediatek,4K,6.6
4.1,247,redmi,white,128GB,intel,Full HD,6.7
4.3,145,samsung,blue,128GB,samsung,HD,6.5
4.5,206,redmi,blue,64GB,mediatek,Full HD,6.5
4.5,279,redmi,blue,64GB,qualcomm,Full HD,6.4
4.4,351,oneplus,grey,128GB,intel,Full HD,6.7
4.1,315,oneplus,grey,128GB,qualcomm,Full HD,6.4
4.4,352,realme,green,256GB,mediatek,Full HD,6.4
4.5,243,oppo,white,256GB,mediatek,Full HD,6.5
4.5,156,samsung,blue,128GB,samsung,HD,6.5
4.3,111,infinix,blue,64GB,mediatek,HD,6.8
4.3,283,tecno,black,256GB,intel,4K,6.4
4.1,279,oneplus,grey,256GB,qualcomm,Full HD,6.4
4.5,194,redmi,white,64GB,qualcomm,Full HD,6.3
4.4,194,oppo,blue,64GB,qualcomm,HD,6.2
4.5,322,realme,white,256GB,mediatek,Full HD,6.7
4.1,145,motorola,purple,64GB,qualcomm,HD,6.8
4.3,121,vivo,blue,32GB,mediatek,HD,6.5
3.9,188,oneplus,green,128GB,intel,2K,6.7
4.4,273,realme,blue,256GB,mediatek,Full HD,6.7
4.2,176,samsung,white,64GB,mediatek,HD,6.5
4.2,205,samsung,blue,128GB,intel,4K,6.6
4.2,188,realme,green,128GB,qualcomm,2K,6.7
4.5,279,oppo,gold,64GB,qualcomm,Full HD,6.0
4.3,218,oneplus,black,128GB,intel,Full HD,6.6
4.0,255,redmi,black,256GB,qualcomm,Full HD,6.7
4.3,170,oppo,purple,64GB,qualcomm,HD,6.2
4.4,303,vivo,black,128GB,qualcomm,Full HD,6.4
4.2,230,infinix,black,128GB,mediatek,Full HD,6.8
4.5,206,vivo,black,64GB,qualcomm,Full HD,6.6
3.9,316,vivo,gold,256GB,mediatek,Full HD,6.4
4.2,254,samsung,grey,128GB,qualcomm,HD,6.6
4.4,298,samsung,black,128GB,intel,Full HD,6.5
4.3,182,infinix,gold,128GB,mediatek,Full HD,6.8
4.1,286,xiaomi,black,256GB,qualcomm,Full HD,6.7
4.3,176,samsung,black,128GB,samsung,4K,6.4
4.2,103,samsung,blue,32GB,samsung,HD,6.5
4.1,241,samsung,black,32GB,mediatek,Full HD,5.7
4.2,164,realme,blue,128GB,intel,4K,6.7
4.3,280,oneplus,black,256GB,intel,4K,6.6
4.2,303,xiaomi,black,128GB,mediatek,Full HD,6.7
4.5,103,realme,blue,32GB,mediatek,HD,6.2
4.1,170,redmi,blue,64GB,intel,Full HD,6.4
4.3,194,infinix,green,128GB,mediatek,Full HD,7.0
4.4,206,samsung,blue,64GB,qualcomm,HD,6.0
4.1,383,samsung,black,256GB,samsung,Full HD,6.5
4.3,127,samsung,green,128GB,samsung,Full HD,6.6
4.2,271,samsung,gold,64GB,samsung,Full HD,6.0
4.5,121,oppo,gold,64GB,mediatek,HD,6.6
4.4,139,samsung,black,32GB,samsung,HD,5.6
4.2,364,samsung,silver,128GB,samsung,Full HD,6.5
4.4,303,vivo,blue,128GB,qualcomm,Full HD,6.4
4.5,133,realme,blue,64GB,qualcomm,HD,6.5
4.3,364,realme,black,128GB,mediatek,Full HD,6.5
4.1,158,motorola,blue,128GB,mediatek,Full HD,6.4
4.0,310,oneplus,black,256GB,intel,Full HD,6.6
4.3,182,redmi,green,64GB,mediatek,Full HD,6.6
4.3,194,infinix,blue,128GB,mediatek,Full HD,7.0
4.1,173,samsung,blue,128GB,intel,HD,6.5
4.3,309,vivo,black,128GB,intel,Full HD,6.4
4.1,121,motorola,blue,32GB,mediatek,HD,5.5
4.5,121,infinix,purple,64GB,mediatek,HD,6.5
4.1,145,realme,blue,32GB,mediatek,HD,6.5
4.2,109,realme,grey,64GB,mediatek,HD,6.5
4.1,149,redmi,blue,128GB,intel,Full HD,6.5
3.9,290,samsung,black,256GB,qualcomm,4K,7.6
4.2,243,infinix,blue,128GB,mediatek,Full HD,6.8
4.2,249,samsung,grey,256GB,qualcomm,Full HD,6.7
4.4,364,oneplus,green,128GB,intel,Full HD,6.5
4.2,102,samsung,grey,64GB,qualcomm,2K,6.3
4.4,164,redmi,gold,64GB,qualcomm,HD,6.0
4.4,206,realme,black,128GB,qualcomm,Full HD,6.4
4.3,171,redmi,black,64GB,intel,Full HD,6.6
4.3,279,realme,grey,128GB,qualcomm,Full HD,6.4
4.3,158,samsung,black,32GB,qualcomm,HD,6.4
4.1,121,vivo,blue,32GB,mediatek,HD,6.5
4.2,241,tecno,blue,128GB,mediatek,4K,6.7
4.3,139,redmi,grey,128GB,mediatek,Full HD,6.5
4.1,194,redmi,white,128GB,intel,Full HD,6.4
4.1,378,samsung,black,256GB,samsung,2K,6.9
4.3,297,oneplus,grey,64GB,qualcomm,Full HD,6.4
3.9,364,oneplus,grey,128GB,intel,Full HD,6.4
4.4,225,vivo,black,256GB,qualcomm,Full HD,6.6
4.2,199,redmi,white,128GB,intel,HD,6.4
4.4,182,oppo,gold,64GB,mediatek,HD,6.6
4.2,194,infinix,green,128GB,mediatek,Full HD,6.7
4.2,127,tecno,blue,64GB,mediatek,HD,6.3
4.3,121,infinix,black,64GB,mediatek,HD,6.8
4.4,255,vivo,blue,128GB,qualcomm,4K,6.4
4.3,249,oneplus,silver,256GB,intel,4K,6.6
4.2,188,redmi,green,128GB,intel,Full HD,6.6
4.2,212,mi,gold,64GB,qualcomm,Full HD,6.0
4.3,243,realme,blue,128GB,qualcomm,Full HD,6.7
4.2,103,tecno,green,32GB,mediatek,HD,6.5
4.2,121,redmi,white,64GB,qualcomm,HD,6.2
4.4,158,vivo,blue,128GB,mediatek,Full HD,6.6
4.3,364,oppo,black,128GB,qualcomm,Full HD,6.7
4.2,109,redmi,green,32GB,intel,HD,6.5
3.9,188,tecno,black,128GB,mediatek,4K,6.8
4.5,303,vivo,purple,128GB,qualcomm,Full HD,6.4
4.1,182,samsung,blue,64GB,samsung,Full HD,6.6
4.3,170,redmi,white,128GB,intel,Full HD,6.7
4.0,118,tecno,black,128GB,mediatek,HD,6.6
4.5,313,oneplus,black,128GB,intel,Full HD,6.7
4.2,218,samsung,blue,128GB,mediatek,HD,6.5
4.4,200,redmi,white,128GB,mediatek,Full HD,6.4
4.5,364,realme,green,256GB,mediatek,Full HD,6.7
3.9,225,oneplus,silver,256GB,intel,4K,6.6
4.5,359,samsung,white,128GB,samsung,Full HD,6.5
4.2,206,samsung,silver,128GB,qualcomm,HD,6.5
4.4,200,vivo,black,128GB,qualcomm,Full HD,6.6
4.4,194,vivo,blue,64GB,mediatek,HD,6.3
4.2,170,motorola,grey,128GB,qualcomm,Full HD,6.6
4.7,156,tecno,white,64GB,mediatek,HD,6.6
4.2,291,redmi,black,128GB,intel,Full HD,6.7
4.6,279,oneplus,blue,128GB,intel,Full HD,6.4
4.2,121,infinix,black,64GB,mediatek,Full HD,6.7
4.3,243,samsung,green,128GB,samsung,Full HD,6.6
4.2,291,samsung,green,128GB,samsung,Full HD,6.7
4.4,230,oppo,purple,128GB,qualcomm,HD,6.5
4.2,375,oneplus,black,256GB,intel,4K,6.7
4.3,230,oppo,gold,64GB,mediatek,HD,5.5
3.8,145,vivo,gold,32GB,mediatek,HD,6.5
4.2,279,mi,black,128GB,qualcomm,Full HD,6.7
4.3,139,samsung,blue,32GB,samsung,HD,5.6
4.2,303,vivo,blue,128GB,mediatek,Full HD,6.4
4.2,118,redmi,black,128GB,mediatek,HD,6.7
4.4,212,samsung,black,128GB,samsung,2K,6.7
4.3,372,oneplus,black,256GB,intel,Full HD,6.7
4.3,218,oppo,black,128GB,qualcomm,Full HD,6.6
4.1,247,oppo,gold,128GB,qualcomm,Full HD,6.4
4.2,121,infinix,white,64GB,mediatek,Full HD,6.7
4.5,109,redmi,gold,32GB,qualcomm,HD,5.5
4.3,182,redmi,black,128GB,mediatek,Full HD,6.5
4.3,121,oppo,blue,32GB,mediatek,HD,6.5
4.4,133,oppo,black,32GB,mediatek,HD,6.5
4.3,194,oppo,blue,128GB,mediatek,HD,6.5
4.6,279,oneplus,grey,128GB,intel,Full HD,6.4
4.3,364,vivo,white,128GB,mediatek,Full HD,6.4
4.5,316,oneplus,black,128GB,intel,Full HD,6.7
4.3,133,samsung,black,32GB,mediatek,HD,6.2
4.2,291,mi,silver,128GB,qualcomm,Full HD,6.7
4.3,155,oppo,white,128GB,mediatek,HD,6.5
4.4,194,realme,blue,128GB,mediatek,Full HD,6.5
4.2,328,xiaomi,black,128GB,mediatek,Full HD,6.7
4.2,340,samsung,blue,128GB,qualcomm,Full HD,6.5
4.0,334,oneplus,green,256GB,intel,4K,6.7
4.3,176,vivo,blue,64GB,mediatek,HD,6.5
4.3,206,realme,gold,128GB,mediatek,Full HD,6.6
4.5,194,redmi,black,64GB,qualcomm,Full HD,6.3
4.3,388,oneplus,green,128GB,intel,Full HD,6.7
4.3,291,vivo,blue,128GB,mediatek,Full HD,6.4
4.4,151,oppo,blue,64GB,mediatek,HD,6.6
4.5,205,realme,white,64GB,qualcomm,4K,6.4
4.5,176,tecno,white,128GB,intel,HD,6.6
4.4,322,realme,white,256GB,qualcomm,Full HD,6.6
4.0,279,oneplus,grey,256GB,qualcomm,Full HD,6.4
4.3,139,vivo,black,64GB,qualcomm,HD,6.5
4.3,249,vivo,black,256GB,qualcomm,Full HD,6.6
4.3,298,samsung,purple,256GB,samsung,Full HD,6.4
4.3,182,redmi,gold,128GB,qualcomm,Full HD,6.7
4.4,170,vivo,black,128GB,mediatek,Full HD,6.6
4.3,133,samsung,blue,32GB,samsung,HD,6.4
4.4,263,oneplus,blue,256GB,qualcomm,2K,6.8
4.3,222,oneplus,blue,128GB,intel,Full HD,6.6
4.4,375,samsung,blue,128GB,qualcomm,4K,6.7
4.3,108,tecno,blue,64GB,mediatek,HD,6.6
4.4,350,oneplus,grey,128GB,intel,Full HD,6.7
4.2,243,redmi,white,128GB,intel,Full HD,6.6
4.2,364,motorola,black,256GB,mediatek,Full HD,6.5
4.2,130,tecno,blue,64GB,mediatek,4K,6.6
4.0,364,samsung,blue,128GB,intel,Full HD,6.7
4.2,383,xiaomi,black,256GB,intel,Full HD,6.5
4.3,170,redmi,black,64GB,qualcomm,Full HD,6.4
4.4,401,oppo,blue,128GB,mediatek,Full HD,6.4
4.4,182,realme,black,64GB,mediatek,Full HD,6.5
4.2,140,samsung,black,64GB,intel,4K,6.4
4.0,322,xiaomi,white,128GB,intel,4K,6.7
4.1,145,motorola,grey,128GB,qualcomm,Full HD,6.5
4.3,163,oppo,black,64GB,mediatek,HD,6.5
4.2,157,oppo,white,64GB,mediatek,HD,6.5
4.2,355,vivo,blue,256GB,mediatek,Full HD,6.4
4.3,243,oneplus,grey,128GB,intel,Full HD,6.7
4.3,185,samsung,gold,32GB,samsung,Full HD,5.5
4.4,352,samsung,blue,128GB,intel,4K,6.7
4.5,242,realme,blue,128GB,qualcomm,4K,6.4
4.2,109,redmi,black,32GB,intel,HD,6.5
4.4,170,oppo,blue,64GB,mediatek,HD,6.5
4.3,364,oneplus,black,128GB,intel,Full HD,6.7
4.2,182,motorola,grey,128GB,qualcomm,Full HD,6.8
4.3,182,infinix,black,64GB,mediatek,HD,7.0
4.3,182,redmi,black,128GB,mediatek,Full HD,6.5
4.2,157,motorola,blue,64GB,qualcomm,HD,6.5
4.5,115,oppo,blue,64GB,mediatek,HD,6.6
4.2,182,infinix,blue,128GB,mediatek,Full HD,6.8
4.3,102,redmi,black,32GB,mediatek,HD,6.5
4.3,206,samsung,black,128GB,intel,4K,6.4
4.2,121,tecno,grey,64GB,intel,HD,6.6
4.3,162,oppo,blue,64GB,mediatek,HD,6.5
4.4,291,oppo,purple,128GB,mediatek,4K,6.5
4.4,437,oppo,white,256GB,mediatek,Full HD,6.4
4.3,145,oppo,white,64GB,mediatek,HD,6.5
4.0,371,mi,white,256GB,intel,Full HD,6.7
4.4,243,oppo,black,32GB,qualcomm,Full HD,6.0
4.3,371,realme,black,128GB,qualcomm,Full HD,6.6
4.1,194,redmi,black,128GB,intel,HD,6.4
4.2,194,oppo,blue,128GB,mediatek,HD,6.6
4.2,126,redmi,green,128GB,intel,HD,6.7
4.3,107,tecno,gold,64GB,mediatek,Full HD,6.6
4.0,133,redmi,grey,128GB,intel,HD,6.5
4.2,243,redmi,white,128GB,intel,Full HD,6.4
4.1,194,redmi,black,128GB,qualcomm,Full HD,6.7
4.5,218,redmi,black,64GB,qualcomm,Full HD,6.3
4.5,182,redmi,blue,64GB,qualcomm,Full HD,6.0
4.2,151,samsung,blue,64GB,qualcomm,HD,6.4
4.3,182,redmi,white,128GB,mediatek,Full HD,6.5
4.3,311,oneplus,black,128GB,intel,4K,6.6
4.4,182,mi,black,64GB,qualcomm,Full HD,6.4
4.2,376,samsung,purple,128GB,mediatek,4K,6.6
4.1,230,redmi,green,128GB,qualcomm,Full HD,6.7
4.3,121,redmi,black,64GB,qualcomm,HD,6.7
4.4,359,oneplus,green,256GB,qualcomm,Full HD,6.5
4.3,194,redmi,blue,128GB,intel,Full HD,6.7
4.4,121,redmi,blue,64GB,qualcomm,HD,6.0
4.6,291,samsung,black,128GB,mediatek,Full HD,6.4
4.2,236,redmi,black,128GB,intel,Full HD,6.6
4.3,115,vivo,blue,32GB,mediatek,HD,6.5
4.2,364,oneplus,blue,256GB,intel,2K,6.7
4.1,194,motorola,grey,128GB,mediatek,Full HD,6.5
4.3,145,redmi,black,64GB,mediatek,Full HD,6.5
3.9,367,oneplus,black,128GB,intel,Full HD,6.5
4.4,170,vivo,gold,128GB,mediatek,Full HD,6.6
